<?xml version = "1.0"?>
<GameData>
<!-- screenTitle is also used to identify you and your animation. 
     So make sure to include your name as part of the screenTitle -->
<screenTitle>Drew Criminski's Awesome Animation</screenTitle>
<maxStringSize>50</maxStringSize>

<frameCap>60</frameCap>
<framesAreCapped>true</framesAreCapped>

<frameMax>400</frameMax>
<username>acrimin</username>

<view>
  <width>1500</width>
  <height>620</height>
</view>

<world>
  <width>10000</width>
  <height>1000</height>
  <gravity>900</gravity>
</world>

<back>
  <file>images/cloudBackgroundtall.bmp</file>
  <red>0</red>
  <green>0</green>
  <blue>0</blue>
  <factor>4</factor>
  <transparency>false</transparency>
</back>

<mountains>
  <file>images/mountainstall.bmp</file>
  <red>0</red>
  <green>0</green>
  <blue>0</blue>
  <factor>2</factor>
  <transparency>true</transparency>
</mountains>

<drive>
  <file>images/drivetall.bmp</file>
  <red>0</red>
  <green>0</green>
  <blue>0</blue>
  <factor>1</factor>
  <transparency>true</transparency>
</drive>

<font name="font">
  <file>font/dyslexic-bold.otf</file>
  <size>16</size>
  <red>255</red>
  <green>0</green>
  <blue>0</blue>
  <unused>0</unused>
</font>

<corgi>
  <file>images/corgis.bmp</file>
  <health>300</health>
  <frames>12</frames>
  <chunk><size>64</size></chunk>
  <chunk><distance>100</distance></chunk>
  <laying><file>images/corgisDown.bmp</file></laying>
  <laying><frames>2</frames></laying>
  <AK47><file>images/corgisAK.bmp</file></AK47>
  <AK47><frames>12</frames></AK47>
  <AK47><displacement x="143" y="46"/></AK47>
  <Bazooka><file>images/corgisBazooka.bmp</file></Bazooka>
  <Bazooka><frames>12</frames></Bazooka>
  <Bazooka><displacement x="143" y="46"/></Bazooka>
  <startLoc x="120" y="820"/>
  <frameInterval>100</frameInterval>
  <speedX>200</speedX>
  <speedY>-380</speedY>
  <traction>580</traction>
  <transparency>true</transparency>
</corgi>

<tank>
  <file>images/tanks.bmp</file>
  <health>1000</health>
  <frames>4</frames>
  <chunk><size>64</size></chunk>
  <chunk><distance>100</distance></chunk>
  <startLoc x="1000" y="800"/>
  <gun>Bazooka</gun>
  <displacement x="400" y="60"/>

  <speedX>1</speedX>
  <speedY>0</speedY>
  <attackDistance>500</attackDistance>
  <attackSpeed>225</attackSpeed>
  <ramDistance>400</ramDistance>
  <ramSpeed>350</ramSpeed>
  <fleeHealth>300</fleeHealth>
  <fleeSpeed>350</fleeSpeed>
  <chillDistance>1000</chillDistance>
  <sound>5</sound>

  <frameInterval>80</frameInterval>
  <transparency>true</transparency>
</tank>

<tank2>
  <file>images/tanks.bmp</file>
  <health>1000</health>
  <frames>4</frames>
  <chunk><size>64</size></chunk>
  <chunk><distance>100</distance></chunk>
  <startLoc x="4000" y="800"/>
  <gun>Bazooka</gun>
  <displacement x="400" y="60"/>

  <speedX>1</speedX>
  <speedY>0</speedY>
  <attackDistance>500</attackDistance>
  <attackSpeed>225</attackSpeed>
  <ramDistance>300</ramDistance>
  <ramSpeed>350</ramSpeed>
  <fleeHealth>300</fleeHealth>
  <fleeSpeed>350</fleeSpeed>
  <chillDistance>1000</chillDistance>
  <sound>5</sound>

  <frameInterval>80</frameInterval>
  <transparency>true</transparency>
</tank2>

<tank3>
  <file>images/tanks.bmp</file>
  <health>2000</health>
  <frames>4</frames>
  <chunk><size>64</size></chunk>
  <chunk><distance>100</distance></chunk>
  <startLoc x="7000" y="800"/>
  <gun>Bazooka</gun>
  <displacement x="400" y="60"/>

  <speedX>1</speedX>
  <speedY>0</speedY>
  <attackDistance>500</attackDistance>
  <attackSpeed>225</attackSpeed>
  <ramDistance>300</ramDistance>
  <ramSpeed>350</ramSpeed>
  <fleeHealth>300</fleeHealth>
  <fleeSpeed>350</fleeSpeed>
  <chillDistance>1000</chillDistance>
  <sound>5</sound>

  <frameInterval>80</frameInterval>
  <transparency>true</transparency>
</tank3>

<birds>
  <file>images/birds2.bmp</file>
  <frames>16</frames>
  <frameInterval>80</frameInterval>
  <speed>300</speed>
  <scale min=".25" max=".8"/>
  <count>20</count>
  <transparency>true</transparency>
</birds>

<AK47>
    <damage>10</damage>
    <distance>500</distance>
    <speed>1000</speed>
    <fireRate>75</fireRate>
    <reloadTime>10</reloadTime>
    <clipSize>50</clipSize>
    <sound>1</sound>
</AK47>

<AK47Bullet>
    <file>images/bulletAK.bmp</file>
    <explodes>false</explodes>
    <frames>2</frames>
    <transparency>true</transparency>
</AK47Bullet>

 <Bazooka>
    <damage>250</damage>
    <distance>500</distance>
    <speed>700</speed>
    <fireRate>1000</fireRate>
    <reloadTime>10</reloadTime>
    <clipSize>50</clipSize>
    <sound>6</sound>
</Bazooka>

<BazookaBullet>
    <file>images/bulletBazooka.bmp</file>
    <explosion><file>images/explosion.bmp</file></explosion>
    <explodes>true</explodes>
    <frames>2</frames>
    <explosion><transparency>true</transparency></explosion>
    <transparency>true</transparency>
</BazookaBullet>
    
</GameData>
